{"cameraMode":{"drawMode":0,"name":"Shaded","section":"Shading Mode"},"sceneLighting":true,"audioPlay":false,"sceneViewState":{"m_AlwaysRefresh":false,"showFog":true,"showSkybox":true,"showFlares":true,"showImageEffects":true,"showParticleSystems":true,"showVisualEffectGraphs":true,"m_FxEnabled":true},"in2DMode":false,"pivot":{"x":-0.5458902716636658,"y":3.6767125129699709,"z":4.750980854034424},"rotation":{"x":-0.01120634563267231,"y":0.9632344245910645,"z":-0.2653486132621765,"w":-0.04067010432481766},"size":1.6534690856933594,"orthographic":false}